125,#000000,#000000,#000000,#000000,#000000,#000000,#000000,#000000,#000000,#000000,#000000,#000000,#000000,#000000,#991923,#991923,#000000,#000000,#000000,#000000
125,#000000,#000000,#000000,#000000,#000000,#000000,#000000,#000000,#000000,#000000,#000000,#000000,#000000,#991923,#991923,#991923,#991923,#991923,#991923,#000000
125,#000000,#000000,#000000,#000000,#000000,#000000,#000000,#000000,#000000,#000000,#991923,#991923,#991923,#991923,#991923,#991923,#991923,#991923,#991923,#991923
125,#000000,#000000,#000000,#000000,#000000,#000000,#000000,#000000,#000000,#000000,#991923,#991923,#991923,#991923,#991923,#991923,#991923,#991923,#991923,#991923
125,#000000,#000000,#000000,#000000,#000000,#000000,#000000,#000000,#000000,#000000,#000000,#991923,#991923,#991923,#991923,#991923,#000000,#000000,#000000,#000000
125,#000000,#000000,#000000,#000000,#000000,#000000,#000000,#000000,#000000,#000000,#000000,#000000,#000000,#991923,#991923,#991923,#000000,#000000,#000000,#000000
125,#000000,#000000,#000000,#000000,#000000,#000000,#000000,#000000,#000000,#000000,#000000,#000000,#000000,#000000,#991923,#000000,#000000,#991923,#000000,#000000
125,#000000,#000000,#000000,#000000,#000000,#000000,#000000,#000000,#000000,#000000,#000000,#000000,#000000,#991923,#991923,#991923,#991923,#991923,#991923,#000000
125,#000000,#000000,#000000,#000000,#000000,#000000,#000000,#000000,#000000,#000000,#000000,#000000,#991923,#991923,#991923,#991923,#991923,#991923,#991923,#991923
125,#000000,#000000,#000000,#000000,#000000,#000000,#000000,#000000,#000000,#000000,#000000,#991923,#991923,#991923,#991923,#991923,#991923,#991923,#991923,#991923
125,#000000,#000000,#000000,#000000,#000000,#000000,#000000,#000000,#000000,#000000,#991923,#991923,#991923,#991923,#991923,#991923,#991923,#991923,#991923,#000000
125,#000000,#000000,#000000,#000000,#000000,#000000,#000000,#000000,#000000,#000000,#991923,#991923,#991923,#991923,#991923,#991923,#000000,#000000,#000000,#000000
125,#000000,#000000,#000000,#000000,#000000,#000000,#000000,#000000,#000000,#000000,#000000,#000000,#000000,#000000,#991923,#000000,#000000,#000000,#000000,#000000
125,#000000,#000000,#000000,#000000,#000000,#000000,#000000,#000000,#000000,#000000,#000000,#991923,#991923,#991923,#991923,#991923,#000000,#000000,#000000,#000000
125,#000000,#000000,#000000,#000000,#000000,#000000,#000000,#000000,#000000,#000000,#000000,#991923,#991923,#991923,#991923,#991923,#991923,#991923,#991923,#000000
125,#000000,#000000,#000000,#000000,#000000,#000000,#000000,#000000,#000000,#000000,#000000,#000000,#991923,#991923,#991923,#991923,#991923,#991923,#991923,#991923
125,#000000,#000000,#000000,#000000,#000000,#000000,#000000,#000000,#000000,#000000,#000000,#000000,#000000,#000000,#991923,#991923,#991923,#991923,#991923,#000000
125,#000000,#000000,#000000,#000000,#000000,#000000,#000000,#000000,#000000,#000000,#000000,#000000,#991923,#000000,#991923,#991923,#991923,#991923,#000000,#000000
125,#000000,#000000,#000000,#000000,#000000,#000000,#000000,#000000,#000000,#000000,#000000,#991923,#991923,#991923,#991923,#991923,#991923,#991923,#000000,#000000
125,#000000,#000000,#000000,#000000,#000000,#000000,#000000,#000000,#000000,#000000,#991923,#991923,#991923,#991923,#991923,#991923,#991923,#991923,#991923,#991923
125,#000000,#000000,#000000,#000000,#000000,#000000,#000000,#000000,#000000,#000000,#991923,#991923,#991923,#991923,#991923,#991923,#991923,#991923,#991923,#000000
125,#000000,#000000,#000000,#000000,#000000,#000000,#000000,#000000,#000000,#000000,#000000,#000000,#991923,#000000,#991923,#991923,#000000,#000000,#000000,#000000
125,#000000,#000000,#000000,#000000,#000000,#000000,#000000,#000000,#000000,#000000,#000000,#000000,#000000,#000000,#991923,#000000,#000000,#000000,#000000,#000000
125,#000000,#000000,#000000,#000000,#000000,#000000,#000000,#000000,#000000,#000000,#000000,#000000,#000000,#000000,#991923,#991923,#991923,#000000,#000000,#000000
125,#000000,#000000,#000000,#000000,#000000,#000000,#000000,#000000,#000000,#000000,#000000,#991923,#991923,#991923,#991923,#991923,#991923,#991923,#000000,#991923
125,#000000,#000000,#000000,#000000,#000000,#000000,#000000,#000000,#000000,#000000,#991923,#991923,#991923,#991923,#991923,#991923,#991923,#991923,#991923,#991923
125,#000000,#000000,#000000,#000000,#000000,#000000,#000000,#000000,#000000,#000000,#991923,#991923,#991923,#991923,#991923,#991923,#000000,#991923,#991923,#000000
125,#000000,#000000,#000000,#000000,#000000,#000000,#000000,#000000,#000000,#000000,#991923,#000000,#991923,#991923,#991923,#000000,#000000,#000000,#000000,#000000
125,#000000,#000000,#000000,#000000,#000000,#000000,#000000,#000000,#000000,#000000,#000000,#000000,#000000,#000000,#991923,#991923,#000000,#000000,#000000,#000000
125,#000000,#000000,#000000,#000000,#000000,#000000,#000000,#000000,#000000,#000000,#000000,#000000,#000000,#991923,#991923,#991923,#991923,#000000,#991923,#000000
125,#000000,#000000,#000000,#000000,#000000,#000000,#000000,#000000,#000000,#000000,#991923,#000000,#991923,#991923,#991923,#991923,#991923,#991923,#991923,#991923
125,#000000,#000000,#000000,#000000,#000000,#000000,#000000,#000000,#000000,#000000,#991923,#991923,#991923,#991923,#991923,#991923,#991923,#991923,#991923,#991923
125,#000000,#000000,#000000,#000000,#000000,#000000,#000000,#000000,#000000,#000000,#991923,#991923,#991923,#991923,#991923,#000000,#000000,#000000,#000000,#000000
125,#000000,#000000,#000000,#000000,#000000,#000000,#000000,#000000,#000000,#000000,#991923,#991923,#991923,#000000,#991923,#000000,#991923,#000000,#000000,#000000
125,#000000,#000000,#000000,#000000,#000000,#000000,#000000,#000000,#000000,#000000,#000000,#000000,#000000,#000000,#991923,#991923,#991923,#000000,#000000,#000000
125,#000000,#000000,#000000,#000000,#000000,#000000,#000000,#000000,#000000,#000000,#000000,#000000,#991923,#991923,#991923,#991923,#991923,#991923,#000000,#000000
125,#000000,#000000,#000000,#000000,#000000,#000000,#000000,#000000,#000000,#000000,#000000,#000000,#991923,#991923,#991923,#000000,#000000,#991923,#000000,#000000
125,#000000,#000000,#000000,#000000,#000000,#000000,#000000,#000000,#000000,#000000,#000000,#000000,#000000,#000000,#000000,#000000,#000000,#000000,#000000,#000000
