2000,#ff00ff,#ff00ff,#ff00ff,#ff00ff,#ff00ff,#ff00ff,#ff00ff,#ff00ff,#ff00ff,#ff00ff,#ff00ff,#ff00ff,#ff00ff,#ff00ff,#ff00ff,#ff00ff,#ff00ff,#ff00ff,#ff00ff,#ff00ff
1000,#ff00ff,#ff00ff,#ff00ff,#ff00ff,#ff00ff,#ff00ff,#ff00ff,#ff00ff,#ff00ff,#ff00ff,#ff00ff,#ff00ff,#ff00ff,#ff00ff,#ff00ff,#ff00ff,#ff00ff,#ff00ff,#000000,#000000
500,#ff00ff,#ff00ff,#ff00ff,#ff00ff,#ff00ff,#ff00ff,#ff00ff,#ff00ff,#ff00ff,#ff00ff,#ff00ff,#ff00ff,#ff00ff,#ff00ff,#ff00ff,#ff00ff,#ff00ff,#ff00ff,#000000,#000000
250,#ff00ff,#ff00ff,#ff00ff,#ff00ff,#ff00ff,#ff00ff,#ff00ff,#ff00ff,#ff00ff,#ff00ff,#ff00ff,#ff00ff,#ff00ff,#ff00ff,#ff00ff,#ff00ff,#000000,#000000,#000000,#000000
250,#ff00ff,#ff00ff,#ff00ff,#ff00ff,#ff00ff,#ff00ff,#ff00ff,#ff00ff,#ff00ff,#ff00ff,#ff00ff,#ff00ff,#ff00ff,#ff00ff,#ff00ff,#ff00ff,#000000,#000000,#000000,#000000
250,#ff00ff,#ff00ff,#ff00ff,#ff00ff,#ff00ff,#ff00ff,#ff00ff,#ff00ff,#ff00ff,#ff00ff,#ff00ff,#ff00ff,#ff00ff,#ff00ff,#000000,#000000,#000000,#000000,#000000,#000000
250,#ff00ff,#ff00ff,#ff00ff,#ff00ff,#ff00ff,#ff00ff,#ff00ff,#ff00ff,#ff00ff,#ff00ff,#ff00ff,#ff00ff,#ff00ff,#ff00ff,#000000,#000000,#000000,#000000,#000000,#000000
250,#ff00ff,#ff00ff,#ff00ff,#ff00ff,#ff00ff,#ff00ff,#ff00ff,#ff00ff,#ff00ff,#ff00ff,#ff00ff,#ff00ff,#000000,#000000,#000000,#000000,#000000,#000000,#000000,#000000
250,#ff00ff,#ff00ff,#ff00ff,#ff00ff,#ff00ff,#ff00ff,#ff00ff,#ff00ff,#ff00ff,#ff00ff,#ff00ff,#ff00ff,#000000,#000000,#000000,#000000,#000000,#000000,#000000,#000000
250,#ff00ff,#ff00ff,#ff00ff,#ff00ff,#ff00ff,#ff00ff,#ff00ff,#ff00ff,#ff00ff,#ff00ff,#000000,#000000,#000000,#000000,#000000,#000000,#000000,#000000,#000000,#000000
250,#ff00ff,#ff00ff,#ff00ff,#ff00ff,#ff00ff,#ff00ff,#ff00ff,#ff00ff,#ff00ff,#ff00ff,#000000,#000000,#000000,#000000,#000000,#000000,#000000,#000000,#000000,#000000
250,#ff00ff,#ff00ff,#ff00ff,#ff00ff,#ff00ff,#ff00ff,#ff00ff,#ff00ff,#000000,#000000,#000000,#000000,#000000,#000000,#000000,#000000,#000000,#000000,#000000,#000000
250,#ff00ff,#ff00ff,#ff00ff,#ff00ff,#ff00ff,#ff00ff,#ff00ff,#ff00ff,#000000,#000000,#000000,#000000,#000000,#000000,#000000,#000000,#000000,#000000,#000000,#000000
250,#ff00ff,#ff00ff,#ff00ff,#ff00ff,#ff00ff,#ff00ff,#000000,#000000,#000000,#000000,#000000,#000000,#000000,#000000,#000000,#000000,#000000,#000000,#000000,#000000
250,#ff00ff,#ff00ff,#ff00ff,#ff00ff,#ff00ff,#ff00ff,#000000,#000000,#000000,#000000,#000000,#000000,#000000,#000000,#000000,#000000,#000000,#000000,#000000,#000000
250,#ff00ff,#ff00ff,#ff00ff,#ff00ff,#000000,#000000,#000000,#000000,#000000,#000000,#000000,#000000,#000000,#000000,#000000,#000000,#000000,#000000,#000000,#000000
250,#ff00ff,#ff00ff,#ff00ff,#ff00ff,#000000,#000000,#000000,#000000,#000000,#000000,#000000,#000000,#000000,#000000,#000000,#000000,#000000,#000000,#000000,#000000
250,#ff00ff,#ff00ff,#000000,#000000,#000000,#000000,#000000,#000000,#000000,#000000,#000000,#000000,#000000,#000000,#000000,#000000,#000000,#000000,#000000,#000000
250,#ff00ff,#ff00ff,#000000,#000000,#000000,#000000,#000000,#000000,#000000,#000000,#000000,#000000,#000000,#000000,#000000,#000000,#000000,#000000,#000000,#000000
250,#000000,#000000,#000000,#000000,#000000,#000000,#000000,#000000,#000000,#000000,#000000,#000000,#000000,#000000,#000000,#000000,#000000,#000000,#000000,#000000
250,#000000,#000000,#000000,#000000,#000000,#000000,#000000,#000000,#000000,#000000,#000000,#000000,#000000,#000000,#000000,#000000,#000000,#000000,#000000,#000000
